<?xml version="1.0" encoding="UTF-8"?>
<!--Created:cb85b80c-f585-40ff-8bfc-12ff4d0e34a9-->
<OfficeApp xmlns="http://schemas.microsoft.com/office/appforoffice/1.0" xmlns:xsi="http://www.w3.org/2001/XMLSchema-instance" xsi:type="TaskPaneApp">
    <Id>095fa0c2-26d2-4cb2-a157-77e9ad2571e0</Id>
    <Version>1.0.0.0</Version>
    <ProviderName>fporzecki-w1</ProviderName>
    <DefaultLocale>en-US</DefaultLocale>
    <DisplayName DefaultValue="Demo Add-in" />
    <Description DefaultValue="Demo Add-in"/>
    <Capabilities>
    <Capability Name="Workbook" />
    </Capabilities>
    <DefaultSettings>
    <SourceLocation DefaultValue="http://localhost:1375/Home.html" />
    </DefaultSettings>
    <Permissions>ReadWriteDocument</Permissions>
</OfficeApp>